,MUNICIPIO_NACIMIENTO,MUNICIPIO_RESIDENCIA
0,BARRANQUILLA,
1,ASTREA,ASTREA
2,AGUSTÍN CODAZZI,VALLEDUPAR
3,AGUSTÍN CODAZZI,
4,BOSCONIA,BOSCONIA
5,SANTA MARTA,
6,VALLEDUPAR,
7,VALLEDUPAR,
8,"BOGOTÁ, D.C.",LA PAZ
9,VALLEDUPAR,VALLEDUPAR
10,VALLEDUPAR,
11,VALLEDUPAR,
12,VALLEDUPAR,VALLEDUPAR
13,VALLEDUPAR,
14,PUEBLO BELLO,PUEBLO BELLO
15,VALLEDUPAR,VALLEDUPAR
16,LA PAZ,LA PAZ
17,EL CARMEN,
18,EL PASO,LA PAZ
19,VALLEDUPAR,VALLEDUPAR
20,VALLEDUPAR,
21,VALLEDUPAR,VALLEDUPAR
22,LA PAZ,
23,SAN DIEGO,
24,LA PAZ,LA PAZ
25,CHIMICHAGUA,LA PAZ
26,AGUSTÍN CODAZZI,AGUSTÍN CODAZZI
27,"BOGOTÁ, D.C.",
28,VALLEDUPAR,
29,VALLEDUPAR,
30,VALLEDUPAR,
31,VALLEDUPAR,
32,"BOGOTÁ, D.C.",
33,MANIZALES,
34,VALLEDUPAR,
35,LA PAZ,LA PAZ
36,VALLEDUPAR,
37,VALLEDUPAR,
38,URUMITA,VALLEDUPAR
39,VALLEDUPAR,VALLEDUPAR
40,VALLEDUPAR,LA PAZ
41,VALLEDUPAR,LA PAZ
42,VALLEDUPAR,VALLEDUPAR
43,PIJIÑO DEL CARMEN,
44,VALLEDUPAR,
45,VILLANUEVA,VILLANUEVA
46,PIJIÑO DEL CARMEN,VALLEDUPAR
47,VALLEDUPAR,
48,LA PAZ,
49,VALLEDUPAR,
50,VALLEDUPAR,
51,MANAURE BALCÓN DEL CESAR,MANAURE BALCÓN DEL CESAR
52,GONZÁLEZ,
53,VALLEDUPAR,VALLEDUPAR
54,LA PAZ,
55,BOSCONIA,LA PAZ
56,ARIGUANÍ,VALLEDUPAR
57,VALLEDUPAR,SAN DIEGO
58,CHIMICHAGUA,
59,VALLEDUPAR,
60,TOCANCIPÁ,
61,ARIGUANÍ,
62,VALLEDUPAR,VALLEDUPAR
63,VALLEDUPAR,LA PAZ
64,VALLEDUPAR,
65,EL BANCO,
66,VALLEDUPAR,
67,SAN DIEGO,
68,CURUMANÍ,CURUMANÍ
69,LA PAZ,
70,TURBACO,SAN DIEGO
71,BOSCONIA,
72,CHIRIGUANÁ,AGUSTÍN CODAZZI
73,AGUACHICA,
74,VALLEDUPAR,
75,VALLEDUPAR,
76,AGUSTÍN CODAZZI,
77,AGUSTÍN CODAZZI,AGUSTÍN CODAZZI
78,BOSCONIA,VALLEDUPAR
79,CURUMANÍ,
80,MANAURE BALCÓN DEL CESAR,
81,VALLEDUPAR,
82,LA PAZ,MANAURE BALCÓN DEL CESAR
83,CURUMANÍ,
84,VALLEDUPAR,LA PAZ
85,VALLEDUPAR,VALLEDUPAR
86,LA JAGUA DE IBIRICO,MANAURE BALCÓN DEL CESAR
87,VALLEDUPAR,
88,VALLEDUPAR,
89,TAMALAMEQUE,
90,MEDELLÍN,
91,SAN DIEGO,
92,SAN DIEGO,
93,AGUSTÍN CODAZZI,
94,LA PAZ,
95,LA PAZ,MANAURE BALCÓN DEL CESAR
96,VALLEDUPAR,
97,VALLEDUPAR,VALLEDUPAR
98,CALI,VALLEDUPAR
99,VALLEDUPAR,
100,VALLEDUPAR,VALLEDUPAR
101,BUCARAMANGA,
102,VALLEDUPAR,VALLEDUPAR
103,VALLEDUPAR,VALLEDUPAR
104,VALLEDUPAR,
105,VALLEDUPAR,VALLEDUPAR
106,SANTA MARTA,
107,VALLEDUPAR,
108,VALLEDUPAR,
109,VALLEDUPAR,
110,EL COPEY,
111,VALLEDUPAR,
112,CHÍA,VALLEDUPAR
113,MANAURE BALCÓN DEL CESAR,
114,AGUSTÍN CODAZZI,
115,SAN DIEGO,
116,VALLEDUPAR,
117,VALLEDUPAR,
118,"BOGOTÁ, D.C.",
119,VALLEDUPAR,
120,VILLAVICENCIO,
121,VALLEDUPAR,
122,VALLEDUPAR,VALLEDUPAR
123,VALLEDUPAR,
124,"BOGOTÁ, D.C.",
125,EL COPEY,
126,VALLEDUPAR,
127,VALLEDUPAR,
128,VALLEDUPAR,
129,VALLEDUPAR,
130,VALLEDUPAR,
131,LA PAZ,
132,ARIGUANÍ,
133,VALLEDUPAR,
134,VALLEDUPAR,
135,VALLEDUPAR,
136,VALLEDUPAR,
137,ARIGUANÍ,
138,LA PAZ,
139,VALLEDUPAR,
140,BUCARAMANGA,
141,SAN JUAN DEL CESAR,SAN JUAN DEL CESAR
142,FLORIDABLANCA,
143,CHIRIGUANÁ,
144,VALLEDUPAR,
145,VALLEDUPAR,
146,VALLEDUPAR,
147,VALLEDUPAR,
148,VALLEDUPAR,VALLEDUPAR
149,VALLEDUPAR,
150,VALLEDUPAR,
151,VALLEDUPAR,VALLEDUPAR
152,"BOGOTÁ, D.C.",VALLEDUPAR
153,BARRANQUILLA,VALLEDUPAR
154,BOSCONIA,
155,LA PAZ,
156,VALLEDUPAR,
157,LA PAZ,
158,VALLEDUPAR,VALLEDUPAR
159,VALLEDUPAR,VALLEDUPAR
160,LA PAZ,LA PAZ
161,VALLEDUPAR,
162,VALLEDUPAR,VALLEDUPAR
163,VALLEDUPAR,LA PAZ
164,LA PAZ,
165,LA PAZ,
166,VALLEDUPAR,LA PAZ
167,VALLEDUPAR,
168,VALLEDUPAR,LA PAZ
169,VALLEDUPAR,
170,LA PAZ,LA PAZ
171,TUNJA,
172,SAN DIEGO,SAN DIEGO
173,BECERRIL,
174,MANAURE BALCÓN DEL CESAR,
175,AGUSTÍN CODAZZI,
176,VALLEDUPAR,
177,LA PAZ,LA PAZ
178,VALLEDUPAR,VALLEDUPAR
179,VALLEDUPAR,VALLEDUPAR
180,VALLEDUPAR,LA PAZ
181,VALLEDUPAR,VALLEDUPAR
182,VALLEDUPAR,VALLEDUPAR
183,VALLEDUPAR,
184,EL BANCO,
185,VALLEDUPAR,
186,VALLEDUPAR,
187,VALLEDUPAR,
188,VALLEDUPAR,
189,SOGAMOSO,LA PAZ
190,VALLEDUPAR,SAN DIEGO
191,CHIMICHAGUA,
192,VALLEDUPAR,VALLEDUPAR
193,LA PAZ,LA PAZ
194,SAN SEBASTIÁN DE BUENAVISTA,LA PAZ
195,PUEBLO BELLO,PUEBLO BELLO
196,VALLEDUPAR,
197,VALLEDUPAR,
198,SAN GIL,
199,LA PAZ,
200,CHIMICHAGUA,
201,VALLEDUPAR,VALLEDUPAR
202,VALLEDUPAR,VALLEDUPAR
203,BARRANQUILLA,LA PAZ
204,BECERRIL,
205,MANAURE BALCÓN DEL CESAR,
206,VALLEDUPAR,
207,VALLEDUPAR,
208,PAILITAS,
209,LA PAZ,
210,VALLEDUPAR,
211,VALLEDUPAR,VALLEDUPAR
212,VILLANUEVA,
213,LA PAZ,
214,"BOGOTÁ, D.C.",
215,SAN DIEGO,SAN DIEGO
216,SAN DIEGO,
217,PUEBLO BELLO,
218,BOSCONIA,
219,VALLEDUPAR,VALLEDUPAR
220,VALLEDUPAR,VALLEDUPAR
221,FUNDACIÓN,
222,LA PAZ,
223,EL MOLINO,
224,VALLEDUPAR,
225,FUNDACIÓN,
226,VALLEDUPAR,VALLEDUPAR
227,LA PAZ,
228,VALLEDUPAR,VALLEDUPAR
229,BUCARAMANGA,
230,BARRANCAS,
231,VALLEDUPAR,
232,VALLEDUPAR,
233,VALLEDUPAR,
234,"BOGOTÁ, D.C.",
235,FUNDACIÓN,VALLEDUPAR
236,PLATO,
237,PUEBLO BELLO,VALLEDUPAR
238,CIUDAD EXTRANJERO,BECERRIL
239,VALLEDUPAR,
240,AGUSTÍN CODAZZI,
241,VALLEDUPAR,VALLEDUPAR
242,VALLEDUPAR,VALLEDUPAR
243,VALLEDUPAR,
244,CARTAGENA DE INDIAS,VALLEDUPAR
245,VALLEDUPAR,
246,,
247,BARRANQUILLA,
248,CARTAGENA DE INDIAS,
249,CIUDAD EXTRANJERO,
250,VALLEDUPAR,
251,SAN DIEGO,
252,VALLEDUPAR,
253,LA PAZ,
254,CIUDAD EXTRANJERO,
255,VALLEDUPAR,VALLEDUPAR
256,RIOHACHA,
257,VALLEDUPAR,VALLEDUPAR
258,EL COPEY,
259,LA PAZ,
260,VALLEDUPAR,
261,SINCELEJO,
262,AGUSTÍN CODAZZI,
263,LA PAZ,LA PAZ
264,"BOGOTÁ, D.C.",
265,VALLEDUPAR,
266,VALLEDUPAR,
267,VALLEDUPAR,
268,BARRANQUILLA,
269,AGUSTÍN CODAZZI,
270,LA PAZ,
271,VALLEDUPAR,VALLEDUPAR
272,VALLEDUPAR,SAN DIEGO
273,CIUDAD EXTRANJERO,
274,VALLEDUPAR,
275,VALLEDUPAR,
276,LA PAZ,
277,AGUSTÍN CODAZZI,
278,LA PAZ,
279,LA PAZ,
280,"BOGOTÁ, D.C.",
281,VALLEDUPAR,BOSCONIA
282,"BOGOTÁ, D.C.",
283,VALLEDUPAR,
284,VALLEDUPAR,
285,BUCARAMANGA,
286,ASTREA,
287,,
288,"BOGOTÁ, D.C.",
289,VALLEDUPAR,
290,VALLEDUPAR,VALLEDUPAR
291,VALLEDUPAR,VALLEDUPAR
292,VALLEDUPAR,MANAURE BALCÓN DEL CESAR
293,VALLEDUPAR,
294,MONTERÍA,
295,LA PAZ,
296,SAN DIEGO,
297,VALLEDUPAR,LA PAZ
298,VALLEDUPAR,VALLEDUPAR
299,VALLEDUPAR,
300,VALLEDUPAR,
301,VALLEDUPAR,
302,LA PAZ,
303,VALLEDUPAR,
304,VALLEDUPAR,
305,BECERRIL,VALLEDUPAR
306,BECERRIL,AGUSTÍN CODAZZI
307,VALLEDUPAR,VALLEDUPAR
308,PLATO,AGUSTÍN CODAZZI
309,SANTA MARTA,VALLEDUPAR
310,LA PAZ,
311,LA PAZ,
312,AGUSTÍN CODAZZI,
313,VALLEDUPAR,VALLEDUPAR
314,VALLEDUPAR,VALLEDUPAR
315,LA PAZ,
316,LA PAZ,
317,SAN DIEGO,
318,AGUSTÍN CODAZZI,LA PAZ
319,LA JAGUA DE IBIRICO,LA PAZ
320,VALLEDUPAR,VALLEDUPAR
321,VALLEDUPAR,
322,SAN DIEGO,SAN DIEGO
323,PUEBLO BELLO,LA PAZ
324,PUEBLO BELLO,LA PAZ
325,"BOGOTÁ, D.C.",
326,MANAURE BALCÓN DEL CESAR,
327,VALLEDUPAR,
328,CIUDAD EXTRANJERO,VALLEDUPAR
329,CIUDAD EXTRANJERO,VALLEDUPAR
330,VALLEDUPAR,VALLEDUPAR
331,VALLEDUPAR,VALLEDUPAR
332,VALLEDUPAR,VALLEDUPAR
333,VALLEDUPAR,
334,CARTAGENA DE INDIAS,VALLEDUPAR
335,VALLEDUPAR,VALLEDUPAR
336,VALLEDUPAR,VALLEDUPAR
337,VALLEDUPAR,
338,VALLEDUPAR,
339,VALLEDUPAR,
340,URUMITA,URUMITA
341,LA PAZ,LA PAZ
342,VALLEDUPAR,VALLEDUPAR
343,VALLEDUPAR,
344,VALLEDUPAR,
345,VALLEDUPAR,
346,VALLEDUPAR,
347,VALLEDUPAR,VALLEDUPAR
348,,
349,VALLEDUPAR,
350,VALLEDUPAR,
351,LA PAZ,
352,CHIMICHAGUA,VALLEDUPAR
353,EL COPEY,VALLEDUPAR
354,,
355,,VALLEDUPAR
356,VALLEDUPAR,VALLEDUPAR
357,VALLEDUPAR,
358,LA PAZ,
359,VALLEDUPAR,
360,VALLEDUPAR,VALLEDUPAR
361,LA PAZ,
362,LA PAZ,
363,LA PAZ,
364,VALLEDUPAR,VALLEDUPAR
365,MANAURE BALCÓN DEL CESAR,MANAURE BALCÓN DEL CESAR
366,VALLEDUPAR,VALLEDUPAR
367,VALLEDUPAR,
368,VALLEDUPAR,MANAURE BALCÓN DEL CESAR
369,VALLEDUPAR,VALLEDUPAR
370,VALLEDUPAR,
371,VALLEDUPAR,VALLEDUPAR
372,VALLEDUPAR,
373,VALLEDUPAR,
374,"BOGOTÁ, D.C.",
375,CARTAGENA DE INDIAS,VALLEDUPAR
376,CICUCO,
377,PINILLOS,VALLEDUPAR
378,VALLEDUPAR,
379,VALLEDUPAR,PUEBLO BELLO
380,VALLEDUPAR,
381,VALLEDUPAR,LA PAZ
382,VALLEDUPAR,VALLEDUPAR
383,LA PAZ,SAN DIEGO
384,VALLEDUPAR,
385,VALLEDUPAR,
386,VALLEDUPAR,
387,VALLEDUPAR,
388,LA PAZ,LA PAZ
389,VILLANUEVA,
390,"BOGOTÁ, D.C.",VALLEDUPAR
391,AGUSTÍN CODAZZI,AGUSTÍN CODAZZI
392,"BOGOTÁ, D.C.",
393,VALLEDUPAR,
394,VALLEDUPAR,
395,CURUMANÍ,CURUMANÍ
396,VALLEDUPAR,
397,VALLEDUPAR,
398,MANAURE BALCÓN DEL CESAR,MANAURE BALCÓN DEL CESAR
399,ASTREA,
400,ASTREA,
401,VALLEDUPAR,
402,VALLEDUPAR,
403,VALLEDUPAR,
404,VALLEDUPAR,VALLEDUPAR
405,FONSECA,
406,BELLO,
407,SAN PABLO,AGUSTÍN CODAZZI
408,ASTREA,EL PASO
409,SAN DIEGO,SAN DIEGO
410,CHIMICHAGUA,
411,BOSCONIA,VALLEDUPAR
412,VALLEDUPAR,
413,VALLEDUPAR,
414,VALLEDUPAR,
415,SAN DIEGO,
416,VALLEDUPAR,
417,VALLEDUPAR,VALLEDUPAR
418,VALLEDUPAR,VALLEDUPAR
419,SAN MARTÍN,
420,VALLEDUPAR,
421,VALLEDUPAR,
422,VALLEDUPAR,
423,"BOGOTÁ, D.C.",VALLEDUPAR
424,SAN MARTÍN,SAN MARTÍN
425,LA PAZ,
426,CIUDAD EXTRANJERO,
427,VALLEDUPAR,
428,LA PAZ,
429,MANAURE BALCÓN DEL CESAR,
430,VALLEDUPAR,
431,VALLEDUPAR,
432,AGUSTÍN CODAZZI,
433,SAN DIEGO,VALLEDUPAR
434,VALLEDUPAR,VALLEDUPAR
435,LA PAZ,
436,LA PAZ,
437,VALLEDUPAR,
438,BUCARAMANGA,
439,RIOHACHA,
440,VALLEDUPAR,VALLEDUPAR
441,SAN DIEGO,SAN DIEGO
442,LA PAZ,
443,SAHAGÚN,
444,"BOGOTÁ, D.C.",VALLEDUPAR
445,VALLEDUPAR,VALLEDUPAR
446,LA PAZ,
447,VALLEDUPAR,
448,VALLEDUPAR,VALLEDUPAR
449,LA PAZ,
450,VALLEDUPAR,
451,LA PAZ,
452,VALLEDUPAR,VALLEDUPAR
453,VALLEDUPAR,VALLEDUPAR
454,ÁBREGO,
455,VALLEDUPAR,
456,VALLEDUPAR,
457,LA PAZ,
458,VALLEDUPAR,
459,AGUSTÍN CODAZZI,
460,VALLEDUPAR,
461,PLATO,
462,"BOGOTÁ, D.C.",
463,SOGAMOSO,
464,SINCELEJO,
465,VALLEDUPAR,VALLEDUPAR
466,SAN DIEGO,
467,MANAURE BALCÓN DEL CESAR,
468,VALLEDUPAR,
469,PUEBLO BELLO,
470,CHIMICHAGUA,
471,VALLEDUPAR,VALLEDUPAR
472,EL BANCO,
473,VALLEDUPAR,
474,LA JAGUA DE IBIRICO,
475,VALLEDUPAR,
476,VALLEDUPAR,
477,VALLEDUPAR,
478,VALLEDUPAR,
479,VALLEDUPAR,VALLEDUPAR
480,VALLEDUPAR,LA PAZ
481,VALLEDUPAR,
482,AGUACHICA,
483,VALLEDUPAR,
484,"BOGOTÁ, D.C.",LA JAGUA DE IBIRICO
485,BOSCONIA,LA PAZ
486,LA DORADA,LA PAZ
487,BOSCONIA,
488,VALLEDUPAR,VALLEDUPAR
489,VALLEDUPAR,AGUSTÍN CODAZZI
490,LA PAZ,
491,PUEBLO BELLO,
492,VALLEDUPAR,VALLEDUPAR
493,SAN DIEGO,
494,SAN DIEGO,
495,BOSCONIA,
496,CHIMICHAGUA,CHIMICHAGUA
497,VALLEDUPAR,
498,VALLEDUPAR,VALLEDUPAR
499,SAN DIEGO,SAN DIEGO
500,EL BANCO,
501,SAN DIEGO,
502,PUEBLO BELLO,
503,VALLEDUPAR,
504,VALLEDUPAR,VALLEDUPAR
505,LA PAZ,
506,CIÉNAGA,VALLEDUPAR
507,VALLEDUPAR,VALLEDUPAR
508,VALLEDUPAR,
509,PLATO,
510,VALLEDUPAR,
511,VALLEDUPAR,
512,LA PAZ,
513,VALLEDUPAR,VALLEDUPAR
514,"BOGOTÁ, D.C.",VALLEDUPAR
515,LA PAZ,LA PAZ
516,ASTREA,LA PAZ
517,MAICAO,
518,VALLEDUPAR,LA PAZ
519,VALLEDUPAR,
520,VALLEDUPAR,
521,VALLEDUPAR,
522,VALLEDUPAR,
523,AGUSTÍN CODAZZI,
524,LA PAZ,
525,VALLEDUPAR,
526,VALLEDUPAR,
527,VALLEDUPAR,VALLEDUPAR
528,VALLEDUPAR,VALLEDUPAR
529,SAN DIEGO,SAN DIEGO
530,VALLEDUPAR,
531,LA PAZ,
532,VALLEDUPAR,
533,SANTA MARTA,
534,VALLEDUPAR,
535,CHIRIGUANÁ,VALLEDUPAR
536,VALLEDUPAR,
537,VALLEDUPAR,VALLEDUPAR
538,VALLEDUPAR,
539,VALLEDUPAR,
540,VALLEDUPAR,
541,TAMALAMEQUE,
542,CIUDAD EXTRANJERO,VALLEDUPAR
543,MANAURE BALCÓN DEL CESAR,MANAURE BALCÓN DEL CESAR
544,VALLEDUPAR,
545,VALLEDUPAR,
546,LA PAZ,
547,VALLEDUPAR,
548,VALLEDUPAR,
549,VALLEDUPAR,VALLEDUPAR
550,SAN DIEGO,
551,VALLEDUPAR,
552,"BOGOTÁ, D.C.",LA PAZ
553,CURUMANÍ,
554,MANAURE BALCÓN DEL CESAR,
555,VALLEDUPAR,VALLEDUPAR
556,VALLEDUPAR,
557,VALLEDUPAR,AGUSTÍN CODAZZI
558,BARRANCAS,
559,SAN DIEGO,
560,AGUSTÍN CODAZZI,
561,SAN DIEGO,
562,SAN DIEGO,SAN DIEGO
563,BOSCONIA,
564,MANAURE BALCÓN DEL CESAR,
565,MANAURE BALCÓN DEL CESAR,
566,MANAURE BALCÓN DEL CESAR,
567,VALLEDUPAR,
568,MANAURE BALCÓN DEL CESAR,
569,LA PAZ,LA PAZ
570,PAILITAS,
571,BUENAVISTA,LA PAZ
572,VALLEDUPAR,
573,VALLEDUPAR,
574,VALLEDUPAR,VALLEDUPAR
575,VALLEDUPAR,
576,VALLEDUPAR,VALLEDUPAR
577,MAICAO,
578,"BOGOTÁ, D.C.",
579,SAN DIEGO,
580,PUEBLO BELLO,
581,VALLEDUPAR,
582,VALLEDUPAR,VALLEDUPAR
583,VALLEDUPAR,VALLEDUPAR
584,VALLEDUPAR,
585,VALLEDUPAR,
586,SAN DIEGO,
587,VALLEDUPAR,
588,RÍO VIEJO,VALLEDUPAR
589,VALLEDUPAR,
590,VALLEDUPAR,
591,"BOGOTÁ, D.C.",
592,BARRANQUILLA,VALLEDUPAR
593,BUCARAMANGA,
594,VALLEDUPAR,
595,MANAURE BALCÓN DEL CESAR,
596,VALLEDUPAR,
597,VALLEDUPAR,
598,VALLEDUPAR,
599,VALLEDUPAR,
600,SAN DIEGO,
601,VALLEDUPAR,VALLEDUPAR
602,VALLEDUPAR,VALLEDUPAR
603,VALLEDUPAR,
604,VALLEDUPAR,VALLEDUPAR
605,VALLEDUPAR,
606,MANAURE BALCÓN DEL CESAR,
607,LA PAZ,LA PAZ
608,MAICAO,LA PAZ
609,EL BANCO,VALLEDUPAR
610,VALLEDUPAR,VALLEDUPAR
611,SANTA MARTA,VALLEDUPAR
612,VALLEDUPAR,
613,VALLEDUPAR,
614,VALLEDUPAR,
615,VALLEDUPAR,LA PAZ
616,LA PAZ,
617,SAN DIEGO,
618,PASTO,VALLEDUPAR
619,SANTA MARTA,VALLEDUPAR
620,VALLEDUPAR,
621,LA PAZ,
622,VALLEDUPAR,VALLEDUPAR
623,VALLEDUPAR,SAN DIEGO
624,VALLEDUPAR,
625,VALLEDUPAR,
626,AGUSTÍN CODAZZI,
627,PUEBLO BELLO,
628,PUEBLOVIEJO,
629,AGUSTÍN CODAZZI,
630,,
631,VALLEDUPAR,
632,VALLEDUPAR,
633,LA JAGUA DEL PILAR,
634,ASTREA,EL PASO
635,MANAURE BALCÓN DEL CESAR,
636,VALLEDUPAR,VALLEDUPAR
637,MAICAO,
638,SAN DIEGO,
639,,
640,MANAURE BALCÓN DEL CESAR,
641,VALLEDUPAR,
642,VALLEDUPAR,
643,VALLEDUPAR,
644,AGUSTÍN CODAZZI,
645,VALLEDUPAR,
646,CURUMANÍ,
647,VALLEDUPAR,
648,VALLEDUPAR,
649,CALI,
650,VALLEDUPAR,
651,VALLEDUPAR,
652,VALLEDUPAR,
653,EL RETÉN,
654,CHIMICHAGUA,
655,VALLEDUPAR,
656,VALLEDUPAR,LA PAZ
657,VALLEDUPAR,
658,VALLEDUPAR,
659,CHIRIGUANÁ,PAILITAS
660,VALLEDUPAR,
661,VALLEDUPAR,
662,VALLEDUPAR,
663,VALLEDUPAR,
664,VALLEDUPAR,
665,VALLEDUPAR,VALLEDUPAR
666,VALLEDUPAR,VALLEDUPAR
667,EL PASO,EL PASO
668,VALLEDUPAR,VALLEDUPAR
669,SAN DIEGO,
670,FUNDACIÓN,VALLEDUPAR
671,LA PAZ,LA PAZ
672,AMALFI,
673,CHIMICHAGUA,CHIMICHAGUA
674,AGUSTÍN CODAZZI,LA PAZ
675,LA PAZ,
676,MONTERÍA,
677,VALLEDUPAR,VALLEDUPAR
678,SAN DIEGO,
679,LA PAZ,
680,MONTERÍA,
681,ARIGUANÍ,
682,CIUDAD EXTRANJERO,
683,VALLEDUPAR,
684,VALLEDUPAR,
685,VALLEDUPAR,
686,ARIGUANÍ,
687,VALLEDUPAR,VALLEDUPAR
688,PINILLOS,
689,EL COPEY,
690,VALLEDUPAR,
691,VALLEDUPAR,
692,VALLEDUPAR,
693,VALLEDUPAR,
694,VALLEDUPAR,
695,RIOHACHA,
696,VALLEDUPAR,
697,BARRANQUILLA,
698,LA PAZ,
699,LA PAZ,LA PAZ
700,LA PAZ,
701,VALLEDUPAR,
702,BECERRIL,
703,VALLEDUPAR,
704,VALLEDUPAR,VALLEDUPAR
705,SANTA MARTA,
706,VALLEDUPAR,
707,VALLEDUPAR,VALLEDUPAR
708,LA PAZ,
709,VALLEDUPAR,
710,LA PAZ,
711,MANAURE,VALLEDUPAR
712,VALLEDUPAR,
713,VALLEDUPAR,
714,VALLEDUPAR,
715,VALLEDUPAR,
716,VALLEDUPAR,
717,PUEBLO BELLO,
718,MANAURE BALCÓN DEL CESAR,
719,VALLEDUPAR,
720,SAN DIEGO,
721,VALLEDUPAR,
722,VALLEDUPAR,
723,VALLEDUPAR,
724,VALLEDUPAR,
725,VALLEDUPAR,VALLEDUPAR
726,VALLEDUPAR,VALLEDUPAR
727,PUEBLO BELLO,
728,SAN DIEGO,SAN DIEGO
729,SAN DIEGO,
730,AGUSTÍN CODAZZI,
731,LA PAZ,
732,VALLEDUPAR,
733,CALI,VALLEDUPAR
734,VALLEDUPAR,
735,VALLEDUPAR,VALLEDUPAR
736,LA PAZ,
737,VALLEDUPAR,
738,BARRANCO DE LOBA,
739,VALLEDUPAR,
740,VALLEDUPAR,
741,VALLEDUPAR,
742,VALLEDUPAR,VALLEDUPAR
743,VALLEDUPAR,
744,LA PAZ,LA PAZ
745,MANAURE BALCÓN DEL CESAR,
746,MANAURE BALCÓN DEL CESAR,
747,MONTERÍA,
748,SAN DIEGO,SAN DIEGO
749,LA PAZ,
750,HATONUEVO,VALLEDUPAR
751,SAN DIEGO,
752,PUEBLO BELLO,
753,BOSCONIA,
754,VALLEDUPAR,
755,,VALLEDUPAR
756,BECERRIL,
757,LA PAZ,LA PAZ
758,"BOGOTÁ, D.C.",
759,LA PAZ,
760,VALLEDUPAR,VALLEDUPAR
761,VALLEDUPAR,VALLEDUPAR
762,VALLEDUPAR,
763,VALLEDUPAR,
764,SAN DIEGO,SAN DIEGO
765,SAN DIEGO,SAN DIEGO
766,VALLEDUPAR,
767,SAN DIEGO,
768,VALLEDUPAR,
769,SINCELEJO,
770,VALLEDUPAR,VALLEDUPAR
771,PLATO,
772,SAN DIEGO,
773,MANAURE,
774,VALLEDUPAR,
775,AGUSTÍN CODAZZI,
776,CIUDAD EXTRANJERO,
777,VALLEDUPAR,VALLEDUPAR
778,VALLEDUPAR,
779,VALLEDUPAR,AGUSTÍN CODAZZI
780,CHIMICHAGUA,
781,VALLEDUPAR,
782,"BOGOTÁ, D.C.",
783,VALLEDUPAR,
784,CURUMANÍ,
785,LA PAZ,
786,VALLEDUPAR,VALLEDUPAR
787,SAN DIEGO,
788,LA PAZ,
789,VALLEDUPAR,
790,CHÍA,
791,VALLEDUPAR,VALLEDUPAR
792,VALLEDUPAR,
793,CHIMICHAGUA,CHIMICHAGUA
794,SAN DIEGO,
795,VALLEDUPAR,
796,VALLEDUPAR,
797,VALLEDUPAR,
798,VALLEDUPAR,
799,LA PAZ,
800,LA PAZ,
801,VALLEDUPAR,
802,EL PASO,
803,AGUSTÍN CODAZZI,
804,VALLEDUPAR,
805,VALLEDUPAR,
806,SAN DIEGO,
807,VALLEDUPAR,
808,CARTAGENA DE INDIAS,
809,VALLEDUPAR,
810,CHIMICHAGUA,
811,"BOGOTÁ, D.C.",
812,SAN DIEGO,
813,MONTERÍA,
814,"BOGOTÁ, D.C.",
815,LA PAZ,
816,,
817,POPAYÁN,
818,VALLEDUPAR,
819,VALLEDUPAR,VALLEDUPAR
820,CHIMICHAGUA,VALLEDUPAR
821,VALLEDUPAR,
822,VALLEDUPAR,
823,VALLEDUPAR,
824,BARRANQUILLA,LA PAZ
825,VALLEDUPAR,
826,VALLEDUPAR,
827,VALLEDUPAR,VALLEDUPAR
828,VALLEDUPAR,VALLEDUPAR
829,EL RETÉN,
830,BUCARAMANGA,
831,VALLEDUPAR,VALLEDUPAR
832,VALLEDUPAR,VALLEDUPAR
833,LA PAZ,
834,LA PAZ,
835,VALLEDUPAR,VALLEDUPAR
836,PUEBLO BELLO,
837,SAN DIEGO,
838,LA PAZ,LA PAZ
839,AGUSTÍN CODAZZI,AGUSTÍN CODAZZI
840,PUEBLO BELLO,LA PAZ
841,AGUACHICA,VALLEDUPAR
842,VALLEDUPAR,EL PASO
843,VALLEDUPAR,VALLEDUPAR
844,VALLEDUPAR,
845,VALLEDUPAR,
846,VALLEDUPAR,
847,LA PAZ,
848,PUEBLO BELLO,PUEBLO BELLO
849,VALLEDUPAR,LA PAZ
850,ASTREA,
851,SANTA MARTA,
852,VALLEDUPAR,
853,LA PAZ,
854,CHIBOLO,VALLEDUPAR
855,RIOHACHA,
856,VALLEDUPAR,
857,VALLEDUPAR,VALLEDUPAR
858,BECERRIL,
859,CARTAGENA DE INDIAS,
860,VALLEDUPAR,
861,VALLEDUPAR,VALLEDUPAR
862,VALLEDUPAR,
863,VALLEDUPAR,
864,VALLEDUPAR,VALLEDUPAR
865,VALLEDUPAR,
866,"BOGOTÁ, D.C.",
867,VALLEDUPAR,
868,VALLEDUPAR,VALLEDUPAR
869,VALLEDUPAR,
870,VALLEDUPAR,
871,VALLEDUPAR,
872,LA PAZ,
873,VALLEDUPAR,
874,VALLEDUPAR,
875,VALLEDUPAR,
876,SAN JOSÉ DE CÚCUTA,
877,SAN JOSÉ DE CÚCUTA,
878,EL BANCO,VALLEDUPAR
879,VALLEDUPAR,
880,VALLEDUPAR,
881,VALLEDUPAR,
882,PINILLOS,
883,PAILITAS,AGUSTÍN CODAZZI
884,VALLEDUPAR,
885,ZAMBRANO,
886,VALLEDUPAR,VALLEDUPAR
887,FUNDACIÓN,VALLEDUPAR
888,RIOHACHA,VALLEDUPAR
889,URIBIA,
890,AGUACHICA,
891,EL PASO,
892,VALLEDUPAR,
893,AGUSTÍN CODAZZI,
894,VALLEDUPAR,
895,VALLEDUPAR,
896,VALLEDUPAR,
897,LA PAZ,
898,VALLEDUPAR,VALLEDUPAR
899,SAN DIEGO,
900,SAN DIEGO,
901,"BOGOTÁ, D.C.",VALLEDUPAR
902,SAN DIEGO,
903,CURUMANÍ,CHIMICHAGUA
904,VALLEDUPAR,VALLEDUPAR
905,VALLEDUPAR,VALLEDUPAR
906,VALLEDUPAR,
907,VALLEDUPAR,
908,SAN DIEGO,
909,AGUACHICA,
910,CHIMICHAGUA,
911,EL CARMEN DE BOLÍVAR,
912,VALLEDUPAR,
913,LA PAZ,
914,LA PAZ,
915,URUMITA,LA JAGUA DEL PILAR
916,VALLEDUPAR,
917,SANTA MARTA,
918,LA PAZ,LA PAZ
919,VALLEDUPAR,
920,VALLEDUPAR,VALLEDUPAR
921,MONTELÍBANO,
922,MANAURE BALCÓN DEL CESAR,
923,SAN DIEGO,
924,SAN DIEGO,SAN DIEGO
925,SAN PABLO,AGUSTÍN CODAZZI
926,"BOGOTÁ, D.C.",
927,VALLEDUPAR,
928,VALLEDUPAR,
929,VALLEDUPAR,
930,VALLEDUPAR,VALLEDUPAR
931,SAN DIEGO,
932,SAN DIEGO,
933,VALLEDUPAR,VALLEDUPAR
934,EL CARMEN DE BOLÍVAR,
935,LA PAZ,LA PAZ
936,VALLEDUPAR,VALLEDUPAR
937,BARRANQUILLA,LA PAZ
938,VALLEDUPAR,
939,VALLEDUPAR,
940,VALLEDUPAR,
941,VALLEDUPAR,
942,VALLEDUPAR,
943,VALLEDUPAR,
944,VALLEDUPAR,VALLEDUPAR
945,VALLEDUPAR,
946,VALLEDUPAR,
947,SAN DIEGO,
948,VALLEDUPAR,
949,VALLEDUPAR,
950,VALLEDUPAR,
951,VALLEDUPAR,
952,VALLEDUPAR,
953,VALLEDUPAR,
954,VALLEDUPAR,
955,AGUSTÍN CODAZZI,
956,VALLEDUPAR,
957,LA PAZ,
958,PAILITAS,
959,SAN DIEGO,
960,VALLEDUPAR,
961,VALLEDUPAR,VALLEDUPAR
962,VALLEDUPAR,
963,VALLEDUPAR,VALLEDUPAR
964,SAN DIEGO,
965,VALLEDUPAR,
966,SAN DIEGO,
967,BARRANQUILLA,
968,SAN DIEGO,
969,VALLEDUPAR,
970,VALLEDUPAR,
971,SAN DIEGO,
972,SAN DIEGO,
973,VALLEDUPAR,
974,PLATO,
975,PUEBLO BELLO,PUEBLO BELLO
976,CHIMICHAGUA,
977,LA PAZ,
978,VALLEDUPAR,AGUSTÍN CODAZZI
979,VALLEDUPAR,
980,VALLEDUPAR,VALLEDUPAR
981,VALLEDUPAR,
982,EL BANCO,
983,FLORIDABLANCA,
984,"BOGOTÁ, D.C.",VALLEDUPAR
985,"BOGOTÁ, D.C.",
986,VALLEDUPAR,
987,SANTA CRUZ DE MOMPOX,
988,VALLEDUPAR,
989,VALLEDUPAR,VALLEDUPAR
990,"BOGOTÁ, D.C.",LA PAZ
991,ASTREA,EL PASO
992,VALLEDUPAR,
993,VALLEDUPAR,VALLEDUPAR
994,VALLEDUPAR,
995,VALLEDUPAR,
996,VALLEDUPAR,
997,LA PAZ,
998,VALLEDUPAR,
999,VALLEDUPAR,VALLEDUPAR
1000,VALLEDUPAR,VALLEDUPAR
1001,VALLEDUPAR,
1002,VALLEDUPAR,VALLEDUPAR
1003,VALLEDUPAR,
1004,VALLEDUPAR,VALLEDUPAR
1005,BECERRIL,
1006,VALLEDUPAR,
1007,VALLEDUPAR,VALLEDUPAR
1008,VALLEDUPAR,SAN DIEGO
1009,RIOHACHA,
1010,VALLEDUPAR,
1011,LA PAZ,
1012,VALLEDUPAR,VALLEDUPAR
1013,VALLEDUPAR,VALLEDUPAR
1014,LA PAZ,
1015,PIJIÑO DEL CARMEN,
1016,BARRANQUILLA,
1017,VALLEDUPAR,
1018,VALLEDUPAR,
1019,MANAURE BALCÓN DEL CESAR,
1020,MANAURE BALCÓN DEL CESAR,
1021,LA PAZ,
1022,VALLEDUPAR,
1023,VALLEDUPAR,
1024,VALLEDUPAR,VALLEDUPAR
1025,VALLEDUPAR,VALLEDUPAR
1026,CURUMANÍ,VALLEDUPAR
1027,VALLEDUPAR,VALLEDUPAR
1028,VALLEDUPAR,VALLEDUPAR
1029,AGUACHICA,VALLEDUPAR
1030,VALLEDUPAR,VALLEDUPAR
1031,LA PAZ,LA PAZ
1032,URUMITA,VALLEDUPAR
1033,SAN JUAN DEL CESAR,VALLEDUPAR
1034,VALLEDUPAR,LA PAZ
1035,VALLEDUPAR,
1036,VALLEDUPAR,
1037,VALLEDUPAR,
1038,LA PAZ,
1039,LA PAZ,
1040,OCAÑA,LA PAZ
1041,CALI,
1042,VALLEDUPAR,
1043,VALLEDUPAR,VALLEDUPAR
1044,SAN DIEGO,
1045,VALLEDUPAR,VALLEDUPAR
1046,VALLEDUPAR,
1047,VALLEDUPAR,
1048,VALLEDUPAR,
1049,VALLEDUPAR,
1050,VALLEDUPAR,VALLEDUPAR
1051,FUNDACIÓN,
1052,AGUACHICA,SAN DIEGO
1053,VALLEDUPAR,VALLEDUPAR
1054,VALLEDUPAR,
1055,VALLEDUPAR,
1056,VALLEDUPAR,VALLEDUPAR
1057,LA PAZ,LA PAZ
1058,VALLEDUPAR,VALLEDUPAR
1059,VALLEDUPAR,
1060,SAN DIEGO,
1061,VALLEDUPAR,MAICAO
1062,SAN DIEGO,
1063,VALLEDUPAR,
1064,VALLEDUPAR,
1065,CHIMICHAGUA,LA PAZ
1066,SAN DIEGO,
1067,LA PAZ,
1068,SAN DIEGO,
1069,VALLEDUPAR,
1070,VALLEDUPAR,
1071,SANTA ROSA DEL SUR,
1072,SAN DIEGO,
1073,MANAURE BALCÓN DEL CESAR,MANAURE BALCÓN DEL CESAR
1074,VALLEDUPAR,
1075,VALLEDUPAR,
1076,VALLEDUPAR,
1077,URUMITA,
1078,SAN JUAN DEL CESAR,
1079,AGUSTÍN CODAZZI,AGUSTÍN CODAZZI
1080,MANAURE BALCÓN DEL CESAR,
1081,VALLEDUPAR,
1082,AGUSTÍN CODAZZI,
1083,LA PAZ,
1084,LA PAZ,LA PAZ
1085,PIVIJAY,
1086,VALLEDUPAR,
1087,VILLANUEVA,
1088,VALLEDUPAR,VALLEDUPAR
1089,VALLEDUPAR,
1090,MANAURE BALCÓN DEL CESAR,
1091,FLORIDABLANCA,SAN DIEGO
1092,SAN PABLO,AGUSTÍN CODAZZI
1093,SAN DIEGO,
1094,VALLEDUPAR,VALLEDUPAR
1095,VALLEDUPAR,
1096,VALLEDUPAR,
1097,VALLEDUPAR,
1098,VALLEDUPAR,
1099,BECERRIL,
1100,LA PAZ,
1101,VALLEDUPAR,
1102,ASTREA,
1103,PUEBLO BELLO,
1104,AGUSTÍN CODAZZI,
1105,CIUDAD EXTRANJERO,
1106,MANAURE BALCÓN DEL CESAR,
1107,VALLEDUPAR,
1108,VALLEDUPAR,
1109,VALLEDUPAR,
1110,VALLEDUPAR,
1111,VALLEDUPAR,
1112,VALLEDUPAR,
1113,VALLEDUPAR,VALLEDUPAR
1114,VALLEDUPAR,
1115,CARTAGENA DE INDIAS,
1116,VALLEDUPAR,
1117,VALLEDUPAR,
1118,SAN DIEGO,SAN DIEGO
1119,VALLEDUPAR,
1120,VALLEDUPAR,
1121,AGUSTÍN CODAZZI,
1122,VALLEDUPAR,VALLEDUPAR
1123,VALLEDUPAR,LA PAZ
1124,LA PAZ,
1125,AGUSTÍN CODAZZI,AGUSTÍN CODAZZI
1126,VALLEDUPAR,VALLEDUPAR
1127,VALLEDUPAR,
1128,SAN DIEGO,SAN DIEGO
1129,VALLEDUPAR,
1130,SAN JOSÉ DE CÚCUTA,OCAÑA
1131,BARRANQUILLA,
1132,SAN DIEGO,
1133,LA PAZ,
1134,SABANALARGA,
1135,MAICAO,
1136,CHIMICHAGUA,
1137,TAMALAMEQUE,
1138,VALLEDUPAR,
1139,VALLEDUPAR,
1140,AGUSTÍN CODAZZI,
1141,VALLEDUPAR,
1142,VALLEDUPAR,
1143,AGUSTÍN CODAZZI,
1144,PLATO,
1145,ARIGUANÍ,
1146,ASTREA,
1147,LA PAZ,
1148,VALLEDUPAR,
1149,CIUDAD EXTRANJERO,
1150,LA PAZ,
1151,VALLEDUPAR,
1152,BUCARAMANGA,
1153,VALLEDUPAR,
1154,LA PAZ,
1155,VALLEDUPAR,
1156,VALLEDUPAR,
1157,VALLEDUPAR,
1158,VALLEDUPAR,
1159,AGUSTÍN CODAZZI,
1160,VALLEDUPAR,
1161,VALLEDUPAR,VALLEDUPAR
1162,VALLEDUPAR,
1163,VALLEDUPAR,
1164,VALLEDUPAR,VALLEDUPAR
1165,SAN DIEGO,SAN DIEGO
1166,BECERRIL,BECERRIL
1167,VALLEDUPAR,
1168,VALLEDUPAR,
1169,VALLEDUPAR,VALLEDUPAR
1170,SAN ONOFRE,
1171,VALLEDUPAR,VALLEDUPAR
1172,AGUACHICA,VALLEDUPAR
1173,EL PASO,LA PAZ
1174,LA PAZ,LA PAZ
1175,LA PAZ,LA PAZ
1176,VALLEDUPAR,VALLEDUPAR
1177,ASTREA,LA PAZ
1178,SAN DIEGO,SAN DIEGO
1179,VALLEDUPAR,SAN DIEGO
1180,LA PAZ,LA PAZ
1181,LA PAZ,LA PAZ
1182,VALLEDUPAR,SAN DIEGO
1183,BOSCONIA,
1184,PLATO,
1185,VALLEDUPAR,VALLEDUPAR
1186,CARTAGENA DE INDIAS,
1187,VALLEDUPAR,
1188,VALLEDUPAR,VALLEDUPAR
1189,VALLEDUPAR,VALLEDUPAR
1190,VALLEDUPAR,VALLEDUPAR
1191,PUEBLO BELLO,
1192,VALLEDUPAR,VALLEDUPAR
1193,VALLEDUPAR,
1194,LA PAZ,
1195,LA PAZ,
1196,LA PAZ,
1197,PLATO,CHIBOLO
1198,VALLEDUPAR,
1199,VALLEDUPAR,VALLEDUPAR
1200,VALLEDUPAR,
1201,VALLEDUPAR,
1202,AGUSTÍN CODAZZI,
1203,VALLEDUPAR,VALLEDUPAR
1204,VALLEDUPAR,VALLEDUPAR
1205,VALLEDUPAR,VALLEDUPAR
1206,LA PAZ,
1207,BUCARAMANGA,VALLEDUPAR
1208,SABANALARGA,
1209,SAN DIEGO,
1210,SAN DIEGO,
1211,SAN DIEGO,
1212,BECERRIL,
1213,PUEBLO BELLO,PUEBLO BELLO
1214,EL COPEY,
1215,VALLEDUPAR,
1216,VALLEDUPAR,
1217,VALLEDUPAR,
1218,VALLEDUPAR,
1219,COCORNÁ,LA PAZ
1220,OCAÑA,
1221,CHIMICHAGUA,VALLEDUPAR
1222,MANAURE BALCÓN DEL CESAR,
1223,VALLEDUPAR,
1224,LA PAZ,
1225,LA PAZ,
1226,LA PAZ,
1227,SANTA MARTA,
1228,ASTREA,
1229,VALLEDUPAR,
1230,LA JAGUA DE IBIRICO,
1231,VALLEDUPAR,
1232,VALLEDUPAR,
1233,VALLEDUPAR,
1234,VALLEDUPAR,
1235,VALLEDUPAR,
1236,VALLEDUPAR,
1237,VALLEDUPAR,
1238,VALLEDUPAR,VALLEDUPAR
1239,LA PAZ,
1240,LA PAZ,LA PAZ
1241,ASTREA,
1242,LA PAZ,
1243,"BOGOTÁ, D.C.",AGUSTÍN CODAZZI
1244,VALLEDUPAR,VALLEDUPAR
1245,AGUSTÍN CODAZZI,
1246,AGUSTÍN CODAZZI,
1247,VALLEDUPAR,
1248,MANAURE BALCÓN DEL CESAR,
1249,VALLEDUPAR,LA PAZ
1250,LA PAZ,
1251,MAICAO,MAICAO
1252,BARRANCAS,
1253,VALLEDUPAR,
1254,VALLEDUPAR,LA PAZ
1255,VALLEDUPAR,VALLEDUPAR
1256,VALLEDUPAR,
1257,VALLEDUPAR,
1258,VALLEDUPAR,
1259,SAN JOSÉ DE CÚCUTA,
1260,URUMITA,URUMITA
1261,SAN JUAN DEL CESAR,SAN JUAN DEL CESAR
1262,LA PAZ,VALLEDUPAR
1263,SAN MARTÍN,
1264,VALLEDUPAR,VALLEDUPAR
1265,AGUSTÍN CODAZZI,AGUSTÍN CODAZZI
1266,VALLEDUPAR,VALLEDUPAR
1267,AGUSTÍN CODAZZI,
1268,"BOGOTÁ, D.C.",
1269,VALLEDUPAR,VALLEDUPAR
1270,VALLEDUPAR,VALLEDUPAR
1271,LA PAZ,
1272,VALLEDUPAR,VALLEDUPAR
1273,CHIRIGUANÁ,
1274,VALLEDUPAR,
1275,VALLEDUPAR,LA PAZ
1276,EL PASO,
1277,VALLEDUPAR,
1278,VALLEDUPAR,VALLEDUPAR
1279,VALLEDUPAR,VALLEDUPAR
1280,AGUSTÍN CODAZZI,
1281,SAN JUAN DEL CESAR,
1282,CIUDAD EXTRANJERO,
1283,CICUCO,
1284,SAN DIEGO,
1285,SAN DIEGO,
1286,SAN DIEGO,
1287,VALLEDUPAR,VALLEDUPAR
1288,TUNJA,
1289,VALLEDUPAR,
1290,SAN DIEGO,
1291,"BOGOTÁ, D.C.",
1292,EL BANCO,
1293,VALLEDUPAR,
1294,SAN DIEGO,SAN DIEGO
1295,RIOHACHA,VALLEDUPAR
1296,CHIMICHAGUA,
1297,BOSCONIA,VALLEDUPAR
1298,VALLEDUPAR,
1299,VALLEDUPAR,VALLEDUPAR
1300,EL BANCO,
1301,VALLEDUPAR,
1302,VALLEDUPAR,
1303,SAN DIEGO,
1304,VALLEDUPAR,
1305,AGUSTÍN CODAZZI,
1306,VALLEDUPAR,
1307,SAN DIEGO,
1308,LA PAZ,
1309,CARTAGENA DE INDIAS,
1310,SAN DIEGO,
1311,IBAGUÉ,
1312,VALLEDUPAR,
1313,VALLEDUPAR,
1314,VALLEDUPAR,
1315,BOSCONIA,
1316,VALLEDUPAR,
1317,VALLEDUPAR,
1318,VALLEDUPAR,
1319,SAN DIEGO,
1320,VALLEDUPAR,
